time,N,Time,avg(Acceleration (0)),avg(Acceleration (1)),avg(Acceleration (2)),avg(Acceleration (Magnitude)),avg(Pressure),avg(Velocity (0)),avg(Velocity (1)),avg(Velocity (2)),avg(Velocity (Magnitude)),avg(X),avg(Y),avg(Z),avg(abs),avg(height),
0.000,6,0,0,0,0,0,0,0,0,0,0,1.75,4.5,0,0,4.5,0.112359551
0.112,1,1,0.680611,-4.55981,0,4.61033,2003.18,0.015364,-1.03998,0,1.04009,3.50022,1.9344,0,0.015364,1.9344,
0.225,1,2,-4.243,-4.85341,0,6.4466,1737.92,-0.422647,-2.04474,0,2.08796,0.472476,4.25845,0,0.422647,4.25845,
0.337,1,3,5.12662,-2.81181,0,5.84709,3702.95,0.355831,-2.702,0,2.72533,3.01469,4.01045,0,0.355831,4.01045,
0.449,1,4,3.85182,-1.25942,0,4.05248,4090.81,0.842038,-2.85742,0,2.9789,3.06972,3.75688,0,0.842038,3.75688,
0.562,1,5,3.7098,6.91412,0,7.84651,7542.43,1.30321,-2.41865,0,2.7474,3.16853,3.50282,0,1.30321,3.50282,
0.674,1,6,0.60274,-0.584764,0,0.839788,4383.56,0.784853,-1.91071,0,2.06562,2.19657,3.01211,0,0.784853,3.01211,
0.787,1,7,-1.9519,4.24892,0,4.67581,1539.95,2.71565,3.0349,0,4.07252,5.09712,3.11691,0,2.71565,3.11691,
0.899,1,8,-4.15772,5.09454,0,6.57578,7471.77,2.17655,2.97058,0,3.68262,5.84776,2.7957,0,2.17655,2.7957,
1.011,1,9,-2.1531,-2.23895,0,3.10625,9364.68,2.69031,1.63654,0,3.14897,5.67441,3.578,0,2.69031,3.578,
1.124,1,10,-1.86533,-5.69209,0,5.98994,3283.49,2.64563,0.758335,0,2.75217,5.9471,3.70282,0,2.64563,3.70282,
1.236,1,11,-0.05336,-6.04075,0,6.04098,10622.8,2.44853,0.274219,0,2.46384,6.20519,3.7571,0,2.44853,3.7571,
1.348,1,12,-3.44966,-3.19596,0,4.70259,8049.77,2.35507,-0.373008,0,2.38443,6.46304,3.74974,0,2.35507,3.74974,
1.461,1,13,5.14579,-6.03604,0,7.93177,4387.32,1.96783,-0.685822,0,2.08392,6.80282,3.01216,0,1.96783,3.01216,
1.573,1,14,2.1027,-4.58444,0,5.04366,2954.87,2.47283,-1.11648,0,2.71319,7.27277,3.74847,0,2.47283,3.74847,
1.685,1,15,-4.09885,-6.98363,0,8.09764,-846.251,2.04163,-0.38632,0,2.07785,7.79231,3.56796,0,2.04163,3.56796,
1.798,1,16,-0.141221,1.74117,0,1.74689,-1522.21,1.8834,-0.654067,0,1.99374,7.99481,3.5049,0,1.8834,3.5049,
1.910,1,17,2.79789,-1.8935,0,3.37839,-4810.49,1.62851,-1.31979,0,2.09617,7.94391,3.25415,0,1.62851,3.25415,
2.022,1,18,2.15687,-5.87082,0,6.25449,2295.58,1.64492,-1.7632,0,2.41136,8.35269,3.32606,0,1.64492,3.32606,
2.135,1,19,-2.33255,-3.75615,0,4.42148,2386.43,1.72418,-2.09328,0,2.71194,8.53616,3.12131,0,1.72418,3.12131,
2.247,1,20,5.22089,-1.51427,0,5.43606,4296.99,2.08633,-0.572692,0,2.16351,9.5711,2.99322,0,2.08633,2.99322,
2.360,1,21,-2.12385,0.615065,0,2.21112,4964.34,1.86175,-0.15247,0,1.86798,11.7859,3.09741,0,1.86175,3.09741,
2.472,1,22,5.42793,-0.261339,0,5.43421,3115.04,2.02351,0.467359,0,2.07678,11.981,3.11501,0,2.02351,3.11501,
2.584,1,23,-2.86512,-5.9686,0,6.62066,1338.96,1.95779,-0.014259,0,1.95785,12.5836,3.07924,0,1.95779,3.07924,
2.697,1,24,1.18519,3.16555,0,3.38014,9540.12,1.92764,-0.616012,0,2.02368,12.4088,3.0645,0,1.92764,3.0645,
2.809,1,25,4.09532,3.29847,0,5.25848,7182.26,1.86092,0.692564,0,1.98561,14.5565,3.08879,0,1.86092,3.08879,
2.921,1,26,2.46016,-5.57267,0,6.09155,-1060.54,2.30253,-0.703267,0,2.40753,13.303,2.97268,0,2.30253,2.97268,
3.034,1,27,6.45398,0.176229,0,6.45638,5866.77,2.10279,-0.084504,0,2.10449,14.9724,3.17523,0,2.10279,3.17523,
3.146,1,28,-0.95014,0.886067,0,1.29918,5004.16,2.65217,0.429039,0,2.68664,15.234,3.19366,0,2.65217,3.19366,
3.258,1,29,-2.19423,0.781012,0,2.32909,5138.27,2.60858,1.98946,0,3.28065,18.0154,3.23157,0,2.60858,3.23157,
3.371,1,30,-2.69163,-0.344084,0,2.71353,7658.15,2.30156,2.02144,0,3.06323,18.2801,3.44933,0,2.30156,3.44933,
3.483,1,31,-10.1794,5.08738,0,11.3799,11899,1.80311,2.26486,0,2.89496,18.5093,3.67141,0,1.80311,3.67141,
3.596,1,32,-0.631502,-0.904885,0,1.10345,-1359.17,1.39176,1.58913,0,2.11242,18.0283,3.42576,0,1.39176,3.42576,
3.708,1,33,-3.19099,-1.83776,0,3.68236,3508.02,0.902664,1.39534,0,1.66186,18.7575,4.10132,0,0.902664,4.10132,
3.820,1,34,3.79607,-1.83893,0,4.21803,11621.9,0.685312,1.5458,0,1.69091,19.2002,4.14251,0,0.685312,4.14251,
3.933,1,35,-5.94008,-6.83348,0,9.05434,1998.49,0.531583,0.995716,0,1.12873,19.2756,4.28529,0,0.531583,4.28529,
4.045,1,36,-1.97272,-5.33249,0,5.68569,3507.95,0.341257,1.1953,0,1.24306,18.3491,4.11341,0,0.341257,4.11341,
4.157,1,37,-3.40639,-1.01353,0,3.55398,11955.6,-0.321402,0.001147,0,0.321404,18.8203,4.519,0,0.321402,4.519,
4.270,1,38,-2.09365,-4.19153,0,4.68533,2307.35,-0.550607,-0.181065,0,0.579614,18.7725,4.51282,0,0.550607,4.51282,
4.382,1,39,1.5256,-6.54922,0,6.72456,-1912.87,-0.60688,-0.939097,0,1.11813,18.2793,4.17491,0,0.60688,4.17491,
4.494,1,40,3.30934,-0.691759,0,3.38087,7058.52,-0.747029,-1.67078,0,1.83018,18.6094,4.29927,0,0.747029,4.29927,
4.607,1,41,-2.38551,-5.70267,0,6.18151,586.978,-1.71722,-1.79699,0,2.48556,18.0594,3.88344,0,1.71722,3.88344,
4.719,1,42,-0.240681,-3.55219,0,3.56033,2206.12,-0.64444,-2.41774,0,2.50215,18.4804,3.88934,0,0.64444,3.88934,
4.831,1,43,-4.24182,2.45166,0,4.89935,10780.4,-2.54792,-2.31887,0,3.44514,17.6275,3.40603,0,2.54792,3.40603,
4.944,1,44,0.393643,6.25373,0,6.26611,11493.7,-2.67612,-1.7756,0,3.2116,17.3414,3.1794,0,2.67612,3.1794,
5.056,1,45,-3.33441,4.5281,0,5.62334,10999.1,-0.966601,-1.9716,0,2.1958,18.2621,3.14421,0,0.966601,3.14421,
5.169,1,46,-0.803989,-2.05043,0,2.20242,358.994,-2.88829,-0.345367,0,2.90886,15.9886,3.03653,0,2.88829,3.03653,
5.281,1,47,1.29963,-1.7348,0,2.16761,7207.17,-1.92387,0.453952,0,1.9767,13.6872,3.01454,0,1.92387,3.01454,
5.393,1,48,1.47689,-1.78994,0,2.32058,6349.97,-1.77831,0.301336,0,1.80366,13.485,3.05642,0,1.77831,3.05642,
5.506,1,49,0.126453,-2.63009,0,2.63313,4554.02,-1.7281,0.066562,0,1.72939,13.2951,3.07786,0,1.7281,3.07786,
5.618,1,50,0.377521,-3.57153,0,3.59142,3551,-1.71367,-0.283821,0,1.73701,13.1051,3.06797,0,1.71367,3.06797,
5.730,1,51,-0.16022,-1.72435,0,1.73178,4722.67,-1.70251,-0.567431,0,1.79458,12.9164,3.01969,0,1.70251,3.01969,
5.843,1,52,1.76733,-0.765729,0,1.92608,5536.18,-1.63626,-0.584154,0,1.7374,13.2489,2.9597,0,1.63626,2.9597,
5.955,1,53,1.17076,-2.83042,0,3.063,2779.08,-1.44808,-0.743982,0,1.62802,13.0816,2.89021,0,1.44808,2.89021,
6.067,1,54,0.341087,-2.48967,0,2.51293,4559.26,-1.33925,1.54408,0,2.04396,7.95114,2.98127,0,1.33925,2.98127,
6.180,1,55,0.7059,-4.56463,0,4.61889,1849.47,-1.28795,1.13671,0,1.71782,7.80652,3.13153,0,1.28795,3.13153,
6.292,1,56,0.28155,-1.75079,0,1.77329,2098.83,-1.23976,0.829159,0,1.49148,7.66914,3.2365,0,1.23976,3.2365,
6.404,1,57,-0.50064,-3.02504,0,3.06618,-47.3752,-1.23337,0.665586,0,1.4015,7.53398,3.3209,0,1.23337,3.3209,
6.517,1,58,-1.37746,-3.80681,0,4.04836,457.802,-1.3068,0.302005,0,1.34125,7.39499,3.37637,0,1.3068,3.37637,
6.629,1,59,-0.923306,-4.15487,0,4.25622,2868.06,-1.4127,-0.093738,0,1.4158,7.24423,3.38979,0,1.4127,3.38979,
6.742,1,60,-0.491717,-3.57696,0,3.6106,4433.34,-1.46756,-0.523786,0,1.55823,7.08444,3.35625,0,1.46756,3.35625,
6.854,1,61,-1.49096,-0.1278,0,1.49643,6443.44,-1.57936,-0.711283,0,1.73214,6.91772,3.28513,0,1.57936,3.28513,
6.966,1,62,-1.53209,-0.302173,0,1.5616,5466.53,-1.76561,-0.644802,0,1.87967,6.73575,3.21153,0,1.76561,3.21153,
7.079,1,63,-0.620311,-1.73029,0,1.83812,5282.95,-1.87472,-0.775878,0,2.02893,6.53668,3.13576,0,1.87472,3.13576,
7.191,1,64,-0.332014,-2.81752,0,2.83701,799.752,-1.12955,1.10249,0,1.57841,1.81269,3.15976,0,1.12955,3.15976,
7.303,1,65,-1.52119,0.503851,0,1.60246,6090.29,-1.28131,1.03174,0,1.64507,1.68064,3.27491,0,1.28131,3.27491,
7.416,1,66,0.648364,0.844009,0,1.0643,7979.87,-1.35878,1.18798,0,1.80487,1.53261,3.39716,0,1.35878,3.39716,
7.528,1,67,3.31864,-0.921876,0,3.44431,7475.95,-1.11383,1.20194,0,1.63868,1.39333,3.5304,0,1.11383,3.5304,
7.640,1,68,4.43897,-3.84008,0,5.86946,8216.09,-0.659345,0.961541,0,1.16589,1.29384,3.6528,0,0.659345,3.6528,
7.753,1,69,1.58112,-2.82092,0,3.23382,-214.481,-0.596861,0.770611,0,0.974723,2.40025,3.74129,0,0.596861,3.74129,
7.865,1,70,6.65483,-3.09822,0,7.34069,12791.8,-0.690324,0.510384,0,0.85851,1.82234,3.62391,0,0.690324,3.62391,
7.978,1,71,-0.236626,-4.52947,0,4.53564,9269.18,0.57378,0.425658,0,0.714429,0.603541,3.26786,0,0.57378,3.26786,
8.090,1,72,2.15763,-4.15451,0,4.68138,4996.34,0.582502,-0.573444,0,0.817402,2.39356,3.79634,0,0.582502,3.79634,
8.202,1,73,-0.236008,-6.60416,0,6.60838,1682.15,0.323458,-0.523787,0,0.615612,0.788188,4.26593,0,0.323458,4.26593,
8.315,1,74,-0.931009,-1.25774,0,1.56483,9217.27,0.273556,-0.955532,0,0.993919,0.822537,4.17882,0,0.273556,4.17882,
8.427,1,75,2.69183,-5.18828,0,5.84501,7580.59,0.759377,-1.03661,0,1.285,1.27586,3.61503,0,0.759377,3.61503,
8.539,1,76,-0.349884,-2.07803,0,2.10728,9778.8,0.870444,-1.44571,0,1.68753,1.36904,3.47542,0,0.870444,3.47542,
8.652,1,77,0.390623,-0.395968,0,0.556217,4107.8,1.53437,0.055952,0,1.53539,4.04846,3.34532,0,1.53437,3.34532,
8.764,1,78,2.31733,1.34911,0,2.68144,11742.5,0.529901,-1.39066,0,1.4882,0.963315,3.59493,0,0.529901,3.59493,
8.876,1,79,1.22491,-2.22835,0,2.54283,6669,0.743371,-1.48866,0,1.66394,1.03442,3.43972,0,0.743371,3.43972,
8.989,1,80,-1.81491,-0.574687,0,1.90372,7330.9,1.38121,-0.53879,0,1.48258,4.55814,3.26628,0,1.38121,3.26628,
9.101,1,81,-1.3197,-0.496464,0,1.40999,8067.92,1.20991,-0.575896,0,1.33997,4.70303,3.20421,0,1.20991,3.20421,
9.213,1,82,1.59741,1.89118,0,2.47554,15056.2,1.74351,0.084679,0,1.74556,6.51673,3.14009,0,1.74351,3.14009,
9.326,1,83,1.08154,-0.341993,0,1.13433,10097.8,1.91952,0.195579,0,1.92946,6.72312,3.15788,0,1.91952,3.15788,
9.438,1,84,0.740732,-4.57704,0,4.63659,2795.15,2.03186,-0.130121,0,2.03602,6.94562,3.16672,0,2.03186,3.16672,
9.551,1,85,-0.80311,-3.29845,0,3.39481,1592.64,2.3287,-0.178647,0,2.33554,8.69348,3.20788,0,2.3287,3.20788,
9.663,1,86,-1.57292,0.559203,0,1.66937,7002.39,2.23052,-0.217499,0,2.2411,8.95122,3.18201,0,2.23052,3.18201,
9.775,1,87,-2.53229,-1.44679,0,2.91646,5460.34,2.00324,-0.229117,0,2.0163,9.19005,3.15943,0,2.00324,3.15943,
9.888,1,88,-1.51582,-2.31296,0,2.76541,7699.4,1.77389,-0.411947,0,1.82109,9.40177,3.12508,0,1.77389,3.12508,
10.000,1,89,-2.25609,-0.083009,0,2.25762,5751.81,2.37752,1.51081,0,2.81694,11.4036,3.07677,0,2.37752,3.07677,
10.112,1,90,-0.578998,-4.01317,0,4.05472,792.765,2.22122,1.33461,0,2.59133,11.6619,3.24227,0,2.22122,3.24227,
10.225,1,91,-0.4684,-6.42394,0,6.441,-2736,2.2001,0.737883,0,2.32054,11.9098,3.36284,0,2.2001,3.36284,
10.337,1,92,-0.276995,-2.5063,0,2.52156,611.381,2.16472,0.272467,0,2.18179,12.1522,3.41657,0,2.16472,3.41657,
10.449,1,93,0.879547,-3.30896,0,3.42386,1918.05,2.28105,0.02687,0,2.28121,12.3986,3.43523,0,2.28105,3.43523,
10.562,1,94,-0.021091,-6.43959,0,6.43963,560.571,2.35693,-0.580664,0,2.4274,12.6596,3.40917,0,2.35693,3.40917,
10.674,1,95,1.31103,-2.55449,0,2.87127,7225.52,2.44852,-1.14776,0,2.70418,12.9296,3.30879,0,2.44852,3.30879,
10.787,1,96,0.5391,-0.966952,0,1.10708,7639.83,2.13734,0.427574,0,2.17969,14.4198,3.18719,0,2.13734,3.18719,
10.899,1,97,0.001841,1.41723,0,1.41724,10587.3,2.20829,0.498797,0,2.26392,14.6662,3.23708,0,2.20829,3.23708,
11.011,1,98,-0.458102,-0.95373,0,1.05804,7100.33,2.22375,0.570053,0,2.29565,14.9165,3.2998,0,2.22375,3.2998,
11.124,1,99,-0.417538,-3.90159,0,3.92386,4378.72,2.20956,0.27594,0,2.22672,15.1671,3.35152,0,2.20956,3.35152,
11.236,1,100,-0.458866,-3.12679,0,3.16028,6363.65,2.18666,-0.13319,0,2.19071,15.4167,3.36001,0,2.18666,3.36001,
11.348,1,101,0.057914,-4.97065,0,4.97099,-2002.79,0.715891,0.621751,0,0.948195,16.8352,3.58537,0,0.715891,3.58537,
11.461,1,102,-1.18736,0.071704,0,1.18952,7311.74,0.590675,0.39392,0,0.709979,16.9098,3.63772,0,0.590675,3.63772,
11.573,1,103,-0.895706,-2.36457,0,2.52854,6819.22,0.441122,0.332663,0,0.552497,16.9675,3.68156,0,0.441122,3.68156,
11.685,1,104,-4.73412,0.069801,0,4.73464,12049.1,1.09726,0.707273,0,1.30545,17.87,3.55157,0,1.09726,3.55157,
11.798,1,105,1.04996,-5.20744,0,5.31223,-1699.37,0.522155,1.99726,0,2.06438,18.7883,3.8021,0,0.522155,3.8021,
11.910,1,106,-2.52913,-1.11915,0,2.76568,3253.7,0.454982,0.514424,0,0.686761,18.0315,3.69588,0,0.454982,3.69588,
12.022,1,107,-0.15306,-5.36304,0,5.36523,387.019,0.626582,0.586905,0,0.858523,18.9208,4.09424,0,0.626582,4.09424,
12.135,1,108,-1.57679,-3.46603,0,3.80784,5047.17,0.539903,0.126831,0,0.5546,18.9875,4.13357,0,0.539903,4.13357,
12.247,1,109,-2.76553,-2.98777,0,4.07123,4917.05,0.298548,-0.234108,0,0.379391,19.0366,4.12816,0,0.298548,4.12816,
12.360,1,110,-1.10679,0.327006,0,1.15409,11363.3,-0.596226,-0.594464,0,0.841946,17.9686,3.6681,0,0.596226,3.6681,
12.472,1,111,-3.51013,-3.16671,0,4.72748,10240,-0.451083,-0.884661,0,0.993026,19.0253,4.00547,0,0.451083,4.00547,
12.584,1,112,-2.90194,-2.05939,0,3.55841,12771.4,-0.804751,-1.19055,0,1.43702,18.9559,3.88977,0,0.804751,3.88977,
12.697,1,113,-2.83781,-0.185205,0,2.84385,14028.5,-1.12555,-1.28317,0,1.70687,18.8495,3.75065,0,1.12555,3.75065,
12.809,1,114,-1.46098,-1.39328,0,2.01884,12414.7,-1.38852,-1.34432,0,1.93266,18.7081,3.60525,0,1.38852,3.60525,
12.921,1,115,1.02175,-2.08039,0,2.31775,11685.4,-1.41819,-1.56269,0,2.11027,18.5482,3.44367,0,1.41819,3.44367,
13.034,1,116,-1.07602,-4.08227,0,4.2217,3627.76,-1.51619,0.196789,0,1.52891,16.0424,3.29323,0,1.51619,3.29323,
13.146,1,117,-1.43445,-2.36302,0,2.76433,6433.32,-1.65838,-0.169708,0,1.66704,15.8649,3.29398,0,1.65838,3.29398,
13.258,1,118,0.561682,0.050058,0,0.563908,15191.3,-1.71022,-0.269611,0,1.73134,15.674,3.26722,0,1.71022,3.26722,
13.371,1,119,1.93406,-0.369932,0,1.96912,16348.2,-1.54202,-0.262824,0,1.56426,15.4897,3.23791,0,1.54202,3.23791,
13.483,1,120,0.901979,-1.78893,0,2.00345,11575.4,-1.38207,-0.398368,0,1.43834,15.3253,3.20242,0,1.38207,3.20242,
13.596,1,121,0.328653,-1.44529,0,1.48218,10358.1,-1.31985,-0.58742,0,1.44467,15.1723,3.14662,0,1.31985,3.14662,
13.708,1,122,0.645544,-0.238412,0,0.688162,10826,-1.26769,-0.682386,0,1.43968,15.0245,3.07329,0,1.26769,3.07329,
13.820,1,123,-0.50237,-0.561472,0,0.75341,11522.9,-1.57841,0.104473,0,1.58187,12.6225,3.03965,0,1.57841,3.03965,
13.933,1,124,1.36098,0.5979,0,1.48652,13255.6,-1.52802,0.124195,0,1.53306,12.4448,3.05126,0,1.52802,3.05126,
14.045,1,125,1.17224,-1.26232,0,1.72267,10893.4,-1.37282,0.118625,0,1.37794,12.2798,3.06724,0,1.37282,3.06724,
14.157,1,126,0.630702,-3.79364,0,3.84571,7072.88,-1.27883,-0.185899,0,1.29227,12.1295,3.067,0,1.27883,3.067,
14.270,1,127,0.8961,-3.01888,0,3.14907,8535.27,-1.19822,-0.589444,0,1.33536,11.9883,3.02324,0,1.19822,3.02324,
14.382,1,128,-0.234923,-2.54553,0,2.55634,4315.39,-1.14643,0.167576,0,1.15861,8.29786,2.99153,0,1.14643,2.99153,
14.494,1,129,-0.602098,0.288638,0,0.667708,8622.87,-1.18445,0.064943,0,1.18623,8.16546,3.00211,0,1.18445,3.00211,
14.607,1,130,-0.523743,0.88069,0,1.02466,9535.7,-1.2461,0.20293,0,1.26252,8.02683,3.01661,0,1.2461,3.01661,
14.719,1,131,-0.133393,-1.78543,0,1.7904,6738.52,-1.27272,0.176894,0,1.28495,7.88248,3.04155,0,1.27272,3.04155,
14.831,1,132,-0.241943,-3.38866,0,3.39728,6032.17,-1.29003,-0.116935,0,1.29532,7.73534,3.04777,0,1.29003,3.04777,
14.944,1,133,-0.009903,-2.28245,0,2.28247,8372.29,-1.3061,-0.449176,0,1.38118,7.5861,3.01509,0,1.3061,3.01509,
15.056,1,134,5.09716,-1.26556,0,5.25192,13594.7,-1.57725,0.344091,0,1.61435,3.59132,3.01969,0,1.57725,3.01969,
15.169,1,135,-0.217077,0.791344,0,0.820578,13170.4,-1.55116,0.923574,0,1.8053,2.77204,3.119,0,1.55116,3.119,
15.281,1,136,0.583706,-0.841776,0,1.02435,7794.78,-1.56016,0.94078,0,1.82186,2.59404,3.22677,0,1.56016,3.22677,
15.393,1,137,1.20156,-3.35853,0,3.567,4903.89,-1.47852,0.688973,0,1.63116,2.42002,3.3229,0,1.47852,3.3229,
15.506,1,138,0.302164,-3.23789,0,3.25196,8162.32,-1.39663,0.289319,0,1.42628,2.25596,3.37991,0,1.39663,3.37991,
15.618,1,139,2.30325,1.61297,0,2.81187,11782.2,-1.07829,0.972008,0,1.45173,1.03305,3.44713,0,1.07829,3.44713,
15.730,1,140,2.90389,0.138147,0,2.90718,10280.8,-0.805274,1.10366,0,1.36621,0.924343,3.56654,0,0.805274,3.56654,
15.843,1,141,4.77283,-2.96231,0,5.6174,10880.6,-0.371932,0.934601,0,1.00589,0.854516,3.68555,0,0.371932,3.68555,
15.955,1,142,1.95495,-0.7561,0,2.09607,9696.3,-0.636659,0.458141,0,0.784365,1.74998,3.53692,0,0.636659,3.53692,
16.067,1,143,0.884055,-3.73283,0,3.83608,15493.8,0.510137,-0.01588,0,0.510384,0.885691,3.79527,0,0.510137,3.79527,
16.180,1,144,-2.53787,-1.04999,0,2.7465,17329.7,0.383181,-0.256725,0,0.461232,0.94048,3.77761,0,0.383181,3.77761,
16.292,1,145,1.94767,-3.51745,0,4.02068,10082.9,0.790292,-0.183962,0,0.811421,1.75183,3.6107,0,0.790292,3.6107,
16.404,1,146,-2.28705,-1.67735,0,2.83621,12727.5,0.751699,-0.497529,0,0.901436,1.84386,3.57094,0,0.751699,3.57094,
16.517,1,147,-3.06996,-0.60456,0,3.12892,15682,0.399342,-0.580333,0,0.704458,1.91111,3.50894,0,0.399342,3.50894,
16.629,1,148,1.82922,5.16786,0,5.48204,21866.8,0.217015,-0.673165,0,0.707281,0.998279,3.44452,0,0.217015,3.44452,
16.742,1,149,-0.181039,0.788576,0,0.80909,13444.7,0.313661,-0.338409,0,0.461415,1.03027,3.39093,0,0.313661,3.39093,
16.854,1,150,-1.08295,-0.510115,0,1.19708,10134.2,0.925049,-0.658174,0,1.1353,2.90336,3.24032,0,0.925049,3.24032,
16.966,1,151,-0.838306,-0.591698,0,1.02609,9756.22,0.797352,-0.670614,0,1.04187,3.00171,3.16491,0,0.797352,3.16491,
17.079,1,152,0.15486,-1.30417,0,1.31333,8674.34,0.754895,-0.784829,0,1.08896,3.0895,3.08292,0,0.754895,3.08292,
17.191,1,153,1.08208,0.776244,0,1.33171,12101.8,0.824543,-0.821898,0,1.16421,3.17872,2.98868,0,0.824543,2.98868,
17.303,1,154,1.08645,-1.01467,0,1.48658,12707,1.27739,0.314076,0,1.31544,6.21466,3.01602,0,1.27739,3.01602,
17.416,1,155,0.293599,-0.747859,0,0.803426,12059.6,1.34637,0.206442,0,1.3621,6.36556,3.0458,0,1.34637,3.0458,
17.528,1,156,-0.496954,-0.097307,0,0.506391,11412,1.3252,0.183336,0,1.33783,6.51962,3.06753,0,1.3252,3.06753,
17.640,1,157,-1.24134,-1.45404,0,1.91185,9340.48,1.21781,0.120727,0,1.22378,6.66674,3.08682,0,1.21781,3.08682,
17.753,1,158,-1.41849,-2.25696,0,2.6657,8693.82,1.0645,-0.102292,0,1.0694,6.79848,3.08949,0,1.0645,3.08949,
17.865,1,159,-1.74306,-0.640437,0,1.857,10790.2,0.889761,-0.267836,0,0.929199,6.9111,3.06708,0,0.889761,3.06708,
17.978,1,160,-2.09531,0.128343,0,2.09923,11602.6,0.663305,-0.267015,0,0.715032,7.00074,3.03578,0,0.663305,3.03578,
18.090,1,161,-1.39229,-1.04137,0,1.73866,9329.97,0.463117,-0.315411,0,0.560323,7.0648,3.00402,0,0.463117,3.00402,
18.202,1,162,-0.855723,-2.02305,0,2.19659,10122.2,1.28956,0.034489,0,1.29002,11.0912,2.96681,0,1.28956,2.96681,
18.315,1,163,-0.599249,-1.28461,0,1.4175,11092.2,1.19074,-0.144122,0,1.19943,11.2333,2.96036,0,1.19074,2.96036,
18.427,1,164,-0.8088,-0.203904,0,0.834107,12261.9,1.09788,-0.218863,0,1.11949,11.3652,2.93864,0,1.09788,2.93864,
18.539,1,165,-3.41653,-1.01366,0,3.56373,12923.4,1.36271,-0.001392,0,1.36271,12.3019,2.9347,0,1.36271,2.9347,
18.652,1,166,-3.03174,-1.79725,0,3.52442,11474.5,0.962517,-0.149074,0,0.973993,12.4363,2.9275,0,0.962517,2.9275,
18.764,1,167,-1.22243,-1.77299,0,2.15357,9713.75,1.27206,0.068547,0,1.27391,13.2648,2.93533,0,1.27206,2.93533,
18.876,1,168,-1.80614,-0.407489,0,1.85154,11136.2,1.29801,0.306807,0,1.33377,14.9072,2.93911,0,1.29801,2.93911,
18.989,1,169,-1.49786,-0.467869,0,1.56923,11443.5,1.09664,0.2612,0,1.12732,15.0449,2.97201,0,1.09664,2.97201,
19.101,1,170,-0.349581,-0.002112,0,0.349587,12870.4,0.988091,0.239065,0,1.0166,15.1633,3.00028,0,0.988091,3.00028,
19.213,1,171,0.447283,-0.054043,0,0.450536,12478.5,0.998846,0.247291,0,1.029,15.2759,3.02811,0,0.998846,3.02811,
19.326,1,172,-0.292271,-1.28025,0,1.31319,9639.36,1.0101,0.180262,0,1.02606,15.3896,3.05366,0,1.0101,3.05366,
19.438,1,173,-0.692669,1.8396,0,1.96568,11925.2,0.623093,1.30807,0,1.44889,18.7189,3.15814,0,0.623093,3.15814,
19.551,1,174,-0.640716,-1.98446,0,2.08533,5027.48,0.561306,1.32255,0,1.43673,18.7859,3.31055,0,0.561306,3.31055,
19.663,1,175,-0.315097,-4.75777,0,4.76819,3269.99,0.518874,0.927787,0,1.06302,18.847,3.44209,0,0.518874,3.44209,
19.775,1,176,0.101526,-3.28234,0,3.28391,7925.68,0.513248,0.462843,0,0.69112,18.9056,3.52134,0,0.513248,3.52134,
19.888,1,177,0.358749,-0.09019,0,0.369912,12529.3,0.550197,0.318457,0,0.635713,18.966,3.56306,0,0.550197,3.56306,
20.000,1,178,-0.775368,-1.43013,0,1.62679,10541.3,0.538061,0.276803,0,0.605086,19.0293,3.59881,0,0.538061,3.59881,
20.112,1,179,-2.30029,-2.57141,0,3.45015,9385.57,0.360186,0.031296,0,0.361543,19.0825,3.61827,0,0.360186,3.61827,
20.225,1,180,-2.05799,-2.22328,0,3.02956,7413.96,-0.182845,-0.14217,0,0.231613,17.6308,3.42508,0,0.182845,3.42508,
20.337,1,181,-2.41762,0.1613,0,2.42299,15896.1,-0.289921,-0.253859,0,0.385355,19.0931,3.58163,0,0.289921,3.58163,
20.449,1,182,-0.603125,0.336116,0,0.690459,15352.7,-0.458508,-0.208753,0,0.503793,19.0487,3.55481,0,0.458508,3.55481,
20.562,1,183,0.52797,-1.79585,0,1.87185,11356.9,-0.449994,-0.287237,0,0.533854,18.9953,3.52895,0,0.449994,3.52895,
20.674,1,184,1.14475,-3.10722,0,3.31139,9169.25,-0.351339,-0.589068,0,0.685886,18.9483,3.48089,0,0.351339,3.48089,
20.787,1,185,1.02607,-1.32927,0,1.67922,11407.1,-0.457851,-0.437951,0,0.633584,17.3288,3.26369,0,0.457851,3.26369,
20.899,1,186,0.202591,0.035753,0,0.205722,14586.7,-0.381268,-0.523433,0,0.64757,17.2813,3.20725,0,0.381268,3.20725,
21.011,1,187,-1.41606,2.29554,0,2.69717,18252.3,-0.447191,-0.3882,0,0.592182,17.2359,3.15224,0,0.447191,3.15224,
21.124,1,188,-2.51751,1.80982,0,3.10054,16632.8,-0.690454,-0.135073,0,0.703542,17.1735,3.12244,0,0.690454,3.12244,
21.236,1,189,-1.45694,-1.16795,0,1.86729,11183.2,-0.931969,-0.113279,0,0.938828,17.0797,3.11135,0,0.931969,3.11135,
21.348,1,190,-0.061399,-1.51999,0,1.52123,10718.6,-1.01772,-0.301096,0,1.06133,16.966,3.08831,0,1.01772,3.08831,
21.461,1,191,1.66098,0.570314,0,1.75617,15181.3,-0.924904,-0.35163,0,0.98949,16.8517,3.04841,0,0.924904,3.04841,
21.573,1,192,2.01983,0.279198,0,2.03903,14604.2,-0.693716,-0.264952,0,0.742591,16.7572,3.01296,0,0.693716,3.01296,
21.685,1,193,0.71481,-1.16453,0,1.36641,11238.7,-0.540895,-0.32497,0,0.631009,16.6869,2.98074,0,0.540895,2.98074,
21.798,1,194,-0.370517,-1.27401,0,1.32679,12510.5,-0.722593,0.090673,0,0.72826,11.4733,2.96087,0,0.722593,2.96087,
21.910,1,195,-0.40531,-1.17818,0,1.24595,12231.9,-0.76931,-0.043675,0,0.770549,11.3877,2.9639,0,0.76931,2.9639,
22.022,1,196,-0.247631,-0.824476,0,0.860861,11981.3,-0.804501,-0.153044,0,0.818929,11.2967,2.95251,0,0.804501,2.95251,
22.135,1,197,-0.01888,-0.200934,0,0.201819,12332.9,-0.819178,-0.20616,0,0.844722,11.2026,2.93124,0,0.819178,2.93124,
22.247,1,198,0.583547,0.188533,0,0.613247,12775.5,-0.782172,-0.200129,0,0.807369,11.1094,2.90738,0,0.782172,2.90738,
22.360,1,199,0.960979,-0.43719,0,1.05575,12123.8,-0.794904,0.007869,0,0.794943,10.1705,2.88623,0,0.794904,2.88623,
22.472,1,200,-0.195218,-0.877957,0,0.899399,11425.1,-0.952107,0.101317,0,0.957483,7.79634,2.89509,0,0.952107,2.89509,
22.584,1,201,-0.10905,-1.04251,0,1.04819,10536.2,-0.976603,0.002743,0,0.976607,7.68548,2.90158,0,0.976603,2.90158,
22.697,1,202,0.172427,-0.965313,0,0.980592,10869,-0.982646,-0.100068,0,0.987728,7.57207,2.89628,0,0.982646,2.89628,
22.809,1,203,0.258485,-0.524131,0,0.584404,11976.9,-0.965986,-0.180293,0,0.982667,7.45916,2.87991,0,0.965986,2.87991,
22.921,1,204,0.235368,0.296078,0,0.378233,13435.3,-0.949732,-0.191187,0,0.968784,7.34814,2.85758,0,0.949732,2.85758,
23.034,1,205,0.000999,-0.416627,0,0.416628,10613.9,-0.669302,0.541688,0,0.861041,0.944875,2.89608,0,0.669302,2.89608,
23.146,1,206,1.68149,-0.280923,0,1.70479,13413.5,-0.57451,0.510051,0,0.768254,0.870712,2.95701,0,0.57451,2.95701,
23.258,1,207,3.03697,-0.275539,0,3.04944,16570.1,-0.289761,0.479716,0,0.560436,0.818353,3.01444,0,0.289761,3.01444,
23.371,1,208,1.11631,-0.229072,0,1.13957,14006.7,-0.738507,0.434376,0,0.856782,2.19402,2.94427,0,0.738507,2.94427,
23.483,1,209,2.35018,-0.06849,0,2.35118,16163.5,-0.54641,0.430014,0,0.695324,2.11861,2.99363,0,0.54641,2.99363,
23.596,1,210,2.58954,-0.179558,0,2.59575,17807.3,-0.264972,0.422497,0,0.498712,2.07133,3.04234,0,0.264972,3.04234,
23.708,1,211,1.62399,-0.560985,0,1.71815,15801.1,-0.226771,0.419455,0,0.476831,2.79591,3.07134,0,0.226771,3.07134,
23.820,1,212,2.32468,-0.620701,0,2.40612,13093.3,-0.157656,0.302907,0,0.341479,3.5346,3.00908,0,0.157656,3.00908,
23.933,1,213,1.77407,-0.791042,0,1.94244,11226.9,0.275034,-0.069184,0,0.283602,0.811296,3.19554,0,0.275034,3.19554,
24.045,1,214,-1.1332,-0.464742,0,1.22479,12092.6,-0.149641,0.183465,0,0.236753,2.04649,3.18534,0,0.149641,3.18534,
24.157,1,215,-0.269044,0.095284,0,0.285418,11038.4,-0.260611,0.176214,0,0.314594,2.02219,3.2054,0,0.260611,3.2054,
24.270,1,216,0.740006,-0.201467,0,0.766941,9456.94,-0.24807,0.203187,0,0.320661,1.99198,3.22734,0,0.24807,3.22734,
24.382,1,217,0.712281,-1.81797,0,1.95252,7605.31,-0.176342,0.104503,0,0.204981,1.96737,3.24716,0,0.176342,3.24716,
24.494,1,218,0.042235,-0.675154,0,0.676474,12637,0.329931,-0.234302,0,0.404663,3.67514,3.05865,0,0.329931,3.05865,
24.607,1,219,0.145996,0.519235,0,0.53937,13415.5,0.34038,-0.234122,0,0.413124,3.71364,3.03033,0,0.34038,3.03033,
24.719,1,220,0.335662,0.45628,0,0.566445,12572.6,0.369929,-0.157594,0,0.402099,3.7543,3.00764,0,0.369929,3.00764,
24.831,1,221,0.332243,-0.282789,0,0.436297,11179.4,0.410455,-0.14347,0,0.434807,3.79917,2.9911,0,0.410455,2.9911,
24.944,1,222,0.219685,-0.04138,0,0.223548,11751.2,0.444192,-0.157672,0,0.471346,3.84847,2.97356,0,0.444192,2.97356,
25.056,1,223,0.128982,0.345576,0,0.368862,12490.3,0.467571,-0.123808,0,0.483685,3.90111,2.95688,0,0.467571,2.95688,
25.169,1,224,1.1451,0.625956,0,1.30502,15393.5,0.274518,-0.257355,0,0.376287,1.99364,3.02134,0,0.274518,3.02134,
25.281,1,225,0.977111,-0.023194,0,0.977386,14230.8,0.406823,-0.227004,0,0.465871,2.03284,2.99397,0,0.406823,2.99397,
25.393,1,226,0.411849,-0.155015,0,0.440056,13933.1,0.494075,-0.250556,0,0.553975,2.08536,2.96652,0,0.494075,2.96652,
25.506,1,227,-0.257193,0.325064,0,0.414506,15113.8,0.509191,-0.243457,0,0.564399,2.14419,2.93733,0,0.509191,2.93733,
25.618,1,228,-0.727058,0.328174,0,0.797691,14986.8,0.455495,-0.204301,0,0.499214,2.2008,2.91126,0,0.455495,2.91126,
25.730,1,229,-2.54759,-0.248754,0,2.5597,15011.1,0.715311,0.047674,0,0.716898,10.02,2.89065,0,0.715311,2.89065,
25.843,1,230,-1.30702,-0.70619,0,1.4856,12525.6,0.484776,-0.007433,0,0.484833,10.0887,2.89367,0,0.484776,2.89367,
25.955,1,231,0.110131,-0.293939,0,0.313893,12102.1,0.423358,-0.070286,0,0.429153,10.14,2.88886,0,0.423358,2.88886,
26.067,1,232,0.995378,0.278877,0,1.03371,12764.9,0.503232,-0.056555,0,0.5064,10.1924,2.88087,0,0.503232,2.88087,
26.180,1,233,0.854073,-0.326031,0,0.914186,11678,0.625137,-0.053124,0,0.62739,10.2577,2.87526,0,0.625137,2.87526,
26.292,1,234,0.282127,-0.513052,0,0.585507,11214,0.695869,-0.115116,0,0.705326,10.3348,2.86588,0,0.695869,2.86588,
26.404,1,235,0.264885,0.162485,0,0.31075,11454.5,0.544137,0.044959,0,0.545991,11.2982,2.86007,0,0.544137,2.86007,
26.517,1,236,0.31855,0.374702,0,0.491809,12053.9,0.587743,0.094599,0,0.595307,11.3637,2.86783,0,0.587743,2.86783,
26.629,1,237,-0.20566,-0.621106,0,0.65427,10721.5,0.592571,0.089362,0,0.599271,11.4326,2.87966,0,0.592571,2.87966,
26.742,1,238,-0.295829,-1.32466,0,1.35729,9737.14,0.560211,-0.022256,0,0.560653,11.4995,2.88469,0,0.560211,2.88469,
26.854,1,239,-1.29318,-0.270018,0,1.32107,15394,0.773458,0.184357,0,0.795126,15.772,2.90498,0,0.773458,2.90498,
26.966,1,240,-0.54944,-0.880345,0,1.03773,13406.7,0.665662,0.105913,0,0.674035,15.8549,2.9227,0,0.665662,2.9227,
27.079,1,241,0.168268,-0.363637,0,0.400682,14116.6,0.653698,0.029954,0,0.654384,15.9307,2.93018,0,0.653698,2.93018,
27.191,1,242,-0.050851,0.153974,0,0.162154,14914.2,0.676234,0.027679,0,0.6768,16.0081,2.93298,0,0.676234,2.93298,
27.303,1,243,-0.162194,0.208686,0,0.264304,16075.4,0.238935,0.532545,0,0.58369,18.4896,2.98611,0,0.238935,2.98611,
27.416,1,244,0.771679,0.255936,0,0.813014,15798.4,0.303196,0.56658,0,0.642605,18.5196,3.04922,0,0.303196,3.04922,
27.528,1,245,-0.712245,-0.411147,0,0.822396,13637.1,0.322763,0.567929,0,0.653238,18.5572,3.11519,0,0.322763,3.11519,
27.640,1,246,-1.68346,-0.979708,0,1.94778,11670.5,0.179971,0.488497,0,0.520595,18.5878,3.17713,0,0.179971,3.17713,
27.753,1,247,-0.174366,-0.145947,0,0.227385,12803.7,0.103378,0.066215,0,0.122766,14.5233,2.84206,0,0.103378,2.84206,
27.865,1,248,-0.759896,-1.93905,0,2.08263,9131.12,-0.122944,0.174654,0,0.213587,18.5913,3.25938,0,0.122944,3.25938,
27.978,1,249,0.01329,-2.14575,0,2.1458,9886.96,-0.166673,-0.056142,0,0.175874,18.5737,3.26722,0,0.166673,3.26722,
28.090,1,250,0.594145,-1.79444,0,1.89025,12093.8,-0.128593,-0.277298,0,0.305664,18.5558,3.24821,0,0.128593,3.24821,
28.202,1,251,-1.4006,-0.035944,0,1.40106,15277.9,-0.36169,0.07979,0,0.370386,16.1727,3.04091,0,0.36169,3.04091,
28.315,1,252,-0.10537,-0.303058,0,0.320854,14235.2,-0.444832,0.062055,0,0.44914,16.1247,3.04949,0,0.444832,3.04949,
28.427,1,253,0.850968,-0.538335,0,1.00695,13928.4,-0.392584,0.016747,0,0.392941,16.075,3.05445,0,0.392584,3.05445,
28.539,1,254,0.930821,-0.654829,0,1.13808,13674.2,-0.280872,-0.047881,0,0.284924,16.0358,3.053,0,0.280872,3.053,
28.652,1,255,0.004287,-0.349063,0,0.349089,14466.2,-0.224481,-0.105851,0,0.248186,16.0075,3.04398,0,0.224481,3.04398,
28.764,1,256,-1.396,0.166071,0,1.40585,15923.6,-0.314855,-0.112835,0,0.334463,15.978,3.03077,0,0.314855,3.03077,
28.876,1,257,-1.57315,-0.274433,0,1.5969,15030.1,-0.507456,-0.113454,0,0.519984,15.9311,3.01817,0,0.507456,3.01817,
28.989,1,258,-0.26393,-1.01363,0,1.04743,13435.4,-0.616794,-0.199546,0,0.64827,15.8647,3.00107,0,0.616794,3.00107,
29.101,1,259,1.20073,-0.455715,0,1.2843,14542.7,-0.555475,-0.2943,0,0.628621,15.7948,2.97201,0,0.555475,2.97201,
29.213,1,260,1.76779,0.319718,0,1.79647,15412.4,-0.366618,-0.291961,0,0.468668,15.7405,2.93734,0,0.366618,2.93734,
29.326,1,261,0.936959,0.154949,0,0.949685,14117.8,-0.20022,-0.262728,0,0.330324,15.7084,2.90563,0,0.20022,2.90563,
29.438,1,262,-0.76643,-0.045299,0,0.767768,13778.1,-0.592291,-0.037528,0,0.593479,13.9871,2.87713,0,0.592291,2.87713,
29.551,1,263,-0.547648,-0.873194,0,1.03072,12836.1,-0.680297,-0.096607,0,0.687122,13.9133,2.87045,0,0.680297,2.87045,
29.663,1,264,0.512847,-0.67271,0,0.845902,13530.2,-0.687409,-0.200285,0,0.715992,13.8327,2.85327,0,0.687409,2.85327,
29.775,1,265,-0.186579,-0.330062,0,0.379147,12432.5,-0.753777,0.14391,0,0.767392,10.4525,2.85195,0,0.753777,2.85195,
29.888,1,266,0.392133,-0.362078,0,0.533731,12936.9,-0.738363,0.105699,0,0.74589,10.3651,2.86662,0,0.738363,2.86662,
30.000,1,267,0.779457,-0.355128,0,0.856545,13397.6,-0.664491,0.06535,0,0.667697,10.283,2.87668,0,0.664491,2.87668,